text,sentiment
"This movie was absolutely fantastic! One of the best films I've seen in years.",positive
"Terrible waste of time. Boring plot and bad acting.",negative
"Amazing cinematography and great storyline. Highly recommend!",positive
"Worst movie ever made. I walked out halfway through.",negative
"The actors were brilliant and the dialogue was witty and engaging.",positive
"Couldn't finish watching it. Extremely dull and predictable.",negative
"Outstanding performance by the lead actress. A masterpiece!",positive
"Poor quality production. The special effects were laughable.",negative
"Wonderful film that touched my heart. A truly memorable experience.",positive
"Disappointed with this movie. Expected much better from these actors.",negative
"Phenomenal direction and perfect casting. Bravo!",positive
"Unwatchable garbage. One of the worst films in cinema history.",negative
"Beautiful and inspiring. This movie changed my perspective on life.",positive
"Painfully bad. I regret spending two hours watching this.",negative
"Exceptional storytelling and compelling characters. Well done!",positive
"Absolutely dreadful. Could not connect with any of the characters.",negative
"Loved every minute of it! The soundtrack was perfect too.",positive
"Horrendous dialogue and weak plot. Not recommended at all.",negative
"A true cinematic gem. This deserves all the awards.",positive
"Completely forgettable. I can't even remember what it was about.",negative
"Stunning visuals and emotional depth. Truly remarkable work.",positive
"Mediocre at best. Fails to deliver on its promise.",negative
"Absolutely captivating from start to finish. A real treasure!",positive
"Dull, uninspired, and utterly disappointing.",negative
"One of the finest performances I've ever witnessed on screen.",positive
"Incoherent plot and terrible acting. Save your money.",negative
"A work of art that showcases pure creativity and brilliance.",positive
"Bland and forgettable. Hard to recommend to anyone.",negative
"Spectacular entertainment with heart and humor.",positive
"Appalling quality and meaningless narrative. Total disaster.",negative
"Captivating from beginning to end. A must-watch!",positive
"Boring, slow-paced, and painfully overlong.",negative
"Exhilarating and full of surprises. Absolutely loved it!",positive
"A complete and utter fizzle. Disappointed on all fronts.",negative
"Outstanding cinematography paired with an engaging narrative.",positive
"Poorly executed with lazy writing and unconvincing performances.",negative
"Delightful entertainment that exceeded all my expectations.",positive
"Tedious and soul-crushing. One of the worst ever made.",negative
"Marvelous film with depth, humor, and great heart.",positive
"Utterly terrible. Not worth a single minute of your time.",negative
